{
  "project_info": {
    "project_number": "839913116749",
    "project_id": "whatsapp-80e0f",
    "storage_bucket": "whatsapp-80e0f.appspot.com"
  },
  "client": [
    {
      "client_info": {
        "mobilesdk_app_id": "1:839913116749:android:6d82b7107c4bbfd492b804",
        "android_client_info": {
          "package_name": "com.example.ahsenapp"
        }
      },
      "oauth_client": [
        {
          "client_id": "839913116749-sceg7taf77ospsna7jo0ojoqhi0gto7c.apps.googleusercontent.com",
          "client_type": 3
        }
      ],
      "api_key": [
        {
          "current_key": "AIzaSyBrf7JGe2qk-G8xFEmRE3ZWkb1jmQ4GYsc"
        }
      ],
      "services": {
        "appinvite_service": {
          "other_platform_oauth_client": [
            {
              "client_id": "839913116749-sceg7taf77ospsna7jo0ojoqhi0gto7c.apps.googleusercontent.com",
              "client_type": 3
            }
          ]
        }
      }
    },
    {
      "client_info": {
        "mobilesdk_app_id": "1:839913116749:android:94831d2fe2f669a992b804",
        "android_client_info": {
          "package_name": "com.example.whatsapp"
        }
      },
      "oauth_client": [
        {
          "client_id": "839913116749-sceg7taf77ospsna7jo0ojoqhi0gto7c.apps.googleusercontent.com",
          "client_type": 3
        }
      ],
      "api_key": [
        {
          "current_key": "AIzaSyBrf7JGe2qk-G8xFEmRE3ZWkb1jmQ4GYsc"
        }
      ],
      "services": {
        "appinvite_service": {
          "other_platform_oauth_client": [
            {
              "client_id": "839913116749-sceg7taf77ospsna7jo0ojoqhi0gto7c.apps.googleusercontent.com",
              "client_type": 3
            }
          ]
        }
      }
    }
  ],
  "configuration_version": "1"
}